Metric,Value
Recall@1,0.42879256965944273
Recall@5,0.7380030959752322
Recall@10,0.8626160990712074
MRR,0.5576117069634872
